_id,name,email,subject,message,createdAt,updatedAt,__v
660ae95c5b4481bc48f17bf7,aarti,abc@gmail.com,pay bill,buy palnt,2024-04-01T17:05:32.763Z,2024-04-01T17:05:32.763Z,0
660c325c43d4f945f38a335d,happpy,happy@gmail.com,pay bill,buy palnt,2024-04-02T16:29:16.517Z,2024-04-02T16:29:16.517Z,0
660d8c7e4dc24f2a44207615,addil,priyankaji856@gmail.com,buy plants,indoor plant,2024-04-03T17:06:06.049Z,2024-04-03T17:06:06.049Z,0
660d8e134dc24f2a44207617,,priyankaji856@gmail.com,buy plants,out door plant,2024-04-03T17:12:51.753Z,2024-04-03T17:12:51.753Z,0
660d8e1e4dc24f2a44207619,,priyankaji856@gmail.com,buy plants,out door plant,2024-04-03T17:13:02.524Z,2024-04-03T17:13:02.524Z,0
660d902c4dc24f2a4420761b,harmit,priyankaji856@gmail.com,buy plants,buy all plant,2024-04-03T17:21:48.213Z,2024-04-03T17:21:48.213Z,0
660d91254dc24f2a4420761d,xyz,priyankaji856@gmail.com,buy plants,buy ,2024-04-03T17:25:57.303Z,2024-04-03T17:25:57.303Z,0
660d91c94dc24f2a4420761f,raju,priyankaji856@gmail.com,buy plants,buy money palnt,2024-04-03T17:28:41.684Z,2024-04-03T17:28:41.684Z,0
660d92944dc24f2a44207621,rajesh,priyankaji856@gmail.com,buy plants,buy xyz plants,2024-04-03T17:32:04.004Z,2024-04-03T17:32:04.004Z,0
660d93454dc24f2a44207623,ram,priyankaji856@gmail.com,buy plants,buy,2024-04-03T17:35:01.339Z,2024-04-03T17:35:01.339Z,0
660d939b4dc24f2a44207625,Ashoka,priyankaji856@gmail.com,buy plants,aa,2024-04-03T17:36:27.619Z,2024-04-03T17:36:27.619Z,0
660d944b4dc24f2a44207627,Bhagwan Das ,priyankaji856@gmail.com,buy plants,buy plant,2024-04-03T17:39:23.783Z,2024-04-03T17:39:23.783Z,0
660d952e4dc24f2a44207629,abp,priyankaji856@gmail.com,buy plants,anksdjn,2024-04-03T17:43:10.011Z,2024-04-03T17:43:10.011Z,0
660d95ad4dc24f2a4420762b,lala ram,priyankaji856@gmail.com,buy plants,buy plant,2024-04-03T17:45:17.313Z,2024-04-03T17:45:17.313Z,0
660d97574dc24f2a4420762d,Rakesh Kumar,priyankaji856@gmail.com,buy plants,buy,2024-04-03T17:52:23.037Z,2024-04-03T17:52:23.037Z,0
660d97974dc24f2a4420762f,manta rani,priyankaji856@gmail.com,buy plants,buy,2024-04-03T17:53:27.622Z,2024-04-03T17:53:27.622Z,0
660d987e4dc24f2a44207631,priyanka priyanka,priyankaji856@gmail.com,buy plants,plant,2024-04-03T17:57:18.781Z,2024-04-03T17:57:18.781Z,0
660d98ee4dc24f2a44207633,hfc,priyankaji856@gmail.com,buy plants,plant,2024-04-03T17:59:10.224Z,2024-04-03T17:59:10.224Z,0
660d992a4dc24f2a44207635,priyanka priyanka,priyankaji856@gmail.com,buy plants,pl,2024-04-03T18:00:10.348Z,2024-04-03T18:00:10.348Z,0
660d99654dc24f2a44207637,ashdkj,priyankaji856@gmail.com,buy plants,ads,2024-04-03T18:01:09.693Z,2024-04-03T18:01:09.693Z,0
660d99674dc24f2a44207639,,,,,2024-04-03T18:01:11.630Z,2024-04-03T18:01:11.630Z,0
660d99674dc24f2a4420763b,,,,,2024-04-03T18:01:11.805Z,2024-04-03T18:01:11.805Z,0
660d99a84dc24f2a4420763d,aaa,priyankaji856@gmail.com,aaa,aaaa,2024-04-03T18:02:16.971Z,2024-04-03T18:02:16.971Z,0
660d9d554dc24f2a4420763f,hgf,priyankaji856@gmail.com,buy plants,buy,2024-04-03T18:17:57.391Z,2024-04-03T18:17:57.391Z,0
660d9e564dc24f2a44207641,navin,priyankaji856@gmail.com,",M,.MVC.,M.",m,2024-04-03T18:22:14.097Z,2024-04-03T18:22:14.097Z,0
660d9e584dc24f2a44207643,,,,,2024-04-03T18:22:16.640Z,2024-04-03T18:22:16.640Z,0
660d9e584dc24f2a44207645,,,,,2024-04-03T18:22:16.654Z,2024-04-03T18:22:16.654Z,0
660d9e584dc24f2a44207647,,,,,2024-04-03T18:22:16.673Z,2024-04-03T18:22:16.673Z,0
660d9e584dc24f2a44207649,,,,,2024-04-03T18:22:16.685Z,2024-04-03T18:22:16.685Z,0
660d9e584dc24f2a4420764b,,,,,2024-04-03T18:22:16.700Z,2024-04-03T18:22:16.700Z,0
660d9e584dc24f2a4420764d,,,,,2024-04-03T18:22:16.715Z,2024-04-03T18:22:16.715Z,0
660d9e584dc24f2a4420764f,,,,,2024-04-03T18:22:16.729Z,2024-04-03T18:22:16.729Z,0
660d9e584dc24f2a44207651,,,,,2024-04-03T18:22:16.744Z,2024-04-03T18:22:16.744Z,0
660d9e584dc24f2a44207653,,,,,2024-04-03T18:22:16.758Z,2024-04-03T18:22:16.758Z,0
660d9e584dc24f2a44207655,,,,,2024-04-03T18:22:16.772Z,2024-04-03T18:22:16.772Z,0
660d9e584dc24f2a44207657,,,,,2024-04-03T18:22:16.787Z,2024-04-03T18:22:16.787Z,0
660d9e5a4dc24f2a44207659,,,,,2024-04-03T18:22:18.656Z,2024-04-03T18:22:18.656Z,0
660d9e5b4dc24f2a4420765b,,,,,2024-04-03T18:22:19.136Z,2024-04-03T18:22:19.136Z,0
660d9e5c4dc24f2a4420765d,,,,,2024-04-03T18:22:20.242Z,2024-04-03T18:22:20.242Z,0
660d9e5c4dc24f2a4420765f,,,,,2024-04-03T18:22:20.342Z,2024-04-03T18:22:20.342Z,0
660d9e5c4dc24f2a44207661,,,,,2024-04-03T18:22:20.617Z,2024-04-03T18:22:20.617Z,0
